"no,""url"",""harga"",""kota/kab"",""penilaian"",""terjual"",""rating"",""warna"",""m"",""l"",""xl"",""xxl"",""xxxl"",""ongkir_min"",""ongkir_max"",""judul"",""deskripsi"""
"1,""https://shopee.co.id/BASIC-OBLONG-SWEATER-POLOS-WARNA-BARU-PASTEL-i.9960721.5574983271?position=5"",""36000"",""kab bandung"",""436"",""1300"",""4.8"",""5"",""0"",""1"",""0"",""0"",""0"",""0"",""18000"",""BASIC OBLONG SWEATER POLOS WARNA BARU PASTEL"",""@nuritari_id toko grosir outfit kece & murah, kami menyediakan outfit murah sejak tahun 2017. so pastinya sudah pengalaman memilih outfit yang terbaikâ£â£â£â£ BAHAN : FLEECE UKURAN : ALLSIZE SEBAIKNYA PILIH VARIANS SESUAI YANG DIPESAN TIDAK MENULIS BERBEDA DI KOLOM NOTE PESANAN UNTUK MENGHINDARI KESALAHAN PADA TIM PACKING KAMI . HARAP DI BACA / DIPAHAMI MEMBELI = SETUJU AKAN KETENTUAN TOKO KAMI TERIMAKASIH ðŸ™ðŸ¼â¤ï¸"""
"2,""https://shopee.co.id/SWEATER-OVERSIZE-CEWE-SWEATER-MAUDY-PASTEL-SWEATER-TALI-KERUT-SWEATER-POLOS-WANITA-i.53767978.8168857176?position=6"",""35500"",""kota bandung"",""1"",""8"",""5.0"",""8"",""0"",""1"",""1"",""0"",""0"",""0"",""5000"",""SWEATER OVERSIZE CEWE SWEATER MAUDY PASTEL SWEATER TALI KERUT SWEATER POLOS WANITA"",""SWEATER OVERSIZE CEWE SWEATER MAUDY PASTEL SWEATER TALI KERUT âœ… Terbuat dari katun yang tebal ringan, sehingga ketika dipakai akan terasa nyaman dan ringan âœ… Pada bagian bawah sweater terdapat tali kerut dan stopper yang berpungsi untuk menyesuaikan ukuran âœ… terdapat banyak pilihan warna dapat diserasikan dengan outfit yang dipakai âœ… Menggunakan metode jait double stich di bagian lengan, kerah, dan bawah sweater, sehingga lebih kuat âœ… Agar terlihat lebih spesial dan bisa juga dijadikan kado/seragam dengan custome bordir/sablon, untuk caranya silahkan cek d kategori produk custome bordir satuan/sablon satuan ðŸ‘‰ Rincian produk Ukuran: semua ukuran bisa nyaman dipakai karena over size fit to XL Material :Flace Made In : Indonesia âœ… Ready Stock Dan Pengiriman setiap hari ! âœ… Dropship/Reseller/Wholesale are welcome ! âœ…Follow toko ini untuk info DISKON dan BARANG BARU ! ðŸ“¸ FOTO HASIL JEPRET SENDIRI 100% REAL PIC sehingga barang yang dikirim sama seperti yang difoto â€¢ Garansi JAMINAN UANG KEMBALI/TUKAR DAN ONGKIR BOLAK-BALIK KAMI TANGGUNG APABILA : - YANG DITERIMA ADA CACAT PABRIK SOBEK & BOLONG -YANG DITERIMA TIDAK SESUAI Note : kami jualan bertanggung jawab kritik dan saran silahkan hubungi melalui fitur Chat :) Catatan kepada calon pembeli: âš  TIDAK MENERIMA SISIPAN WARNA VIA CHAT DAN CATATAN,CATATAN HANYA UNTUK WARNA CADANGAN âš  ORDER SESUAI VARIASI WARNA YANG DIINGINKAN. âš  Jangan Lupa Baca Peraturan Toko SWEATER OVERSIZE CEWE SWEATER MAUDY PASTEL SWEATER TALI KERUT SWEATER POLOS WANITA"""
"3,""https://shopee.co.id/-LIVEWEAR-SWEATER-POLOS-BASIC-PASTEL-COLOR-UNISEX-WANITA-DAN-PRIA-i.83866146.6458443944?position=7"",""64800"",""kota tangerang"",""391"",""761"",""4.8"",""9"",""1"",""1"",""1"",""1"",""1"",""0"",""18000"",""[LIVEWEAR] SWEATER POLOS BASIC PASTEL COLOR - UNISEX WANITA DAN PRIA"",""SWEATER POLOS BASIC UNISEX Bisa Digunakan wanita atau Pria LIST WARNA BASIC SWEATER : 1. Cream 2. Navy 3. Putih 4. Baby Blue / Biru Langit 5. Burgundi 6. Hitam 7. Lilac / Baby Purple / Ungu Muda 8. Hijau Botol 9. Mocca/Millo 10. Maroon 11. Baby Pink 12. Peach / Salem / Salmon 13. Misty 71 / Abu Muda 14. Terracotta / Kubus 15. Merah Bata 16. Misty 81 / Abu tua 17. Abu Misty 68 18. Kuning 19. Biru Benhur / Electric Blue 20. Hijau Mint 21. Hijau Olive 22. Hijau Army Premium Quality Sudah melalu pengecekan yang ketat !! SIZE CHART ðŸ‘‡ðŸ» Toleransi Ukuran +- 2/3cm Size M : L 52 x P 64 cm Size L : L 55 x P 66 cm Size XL : L 58 x P 68 cm Size XXL : L 62 x P 73 cm Size XXXL : L 63 x P 77 cm Mohon Mengukur kembali Ukuran , Karena Tidak bisa Retur Jika Salah Ukuran !! Jika Ada Reject / defect Bisa DiRetur (Hubungi Admin Shopee Kami ) Untuk Jadwal Pengiriman Kami Sudah Bekerja Sama dengan Pihak Expedisi maka akan ada jadwal Penjemputan dari Pihak Expedisi : SiCepat : 10.00 - 16.00 (1 - 2x Penjemputan) J&T & JNE : 17.00 - 18.00 (1x Penjemputan) Antaraja : 10.00 - 18.00 (1-2x Penjemputan) ShopeeExpress : 17.00 - 18.00 (1x Penjemputan) Maka Tidak Perlu Khawatir untuk Paket Pasti Dikirim Hari H Paling lambat H+1 """
"4,""https://shopee.co.id/Sweater-Basic-Polos-Soft-Colour-Pastel-Serries-i.221669521.5667747791?position=8"",""46000"",""kota jakarta utara"",""9"",""24"",""4.8"",""6"",""0"",""1"",""1"",""0"",""0"",""0"",""15000"",""Sweater Basic Polos Soft Colour Pastel Serries"",""- Product yang Kami Jual 100% Real Picture - Bahan adem dan nyaman - Ukuran All Size Fit To XL LD : 106 Panjang : 64"""
"5,""https://shopee.co.id/SWEATER-POLOS-BASIC-ALL-COLORS-PASTEL-UNSEX-WANITA-PRIA-i.305303525.7660489047?position=9"",""72500"",""kota tangerang"",""41"",""99"",""5.0"",""8"",""1"",""1"",""1"",""1"",""1"",""0"",""18000"",""SWEATER POLOS BASIC ALL COLORS PASTEL - UNSEX WANITA & PRIA"",""SWEATER BASIC POLOS *Basic Collection* - produk basic kita best seller banget karena ramah dikantong, banyak pilihan warna, dan bahannya tebal, cocok buat siapapun untuk kebutuhan jaket sehari-hari kamu nih # Keterangan Produk # UNISEX ( Bisa untuk Perempuan atau Laki-Laki) Bahan: Fleece (tebal - Lembut ), tangan dan bawah menggunakan karet - Available M, L, XL , XXL & XXXL - Size M : L 52 x 64 cm Size L : L 55 x 66 cm Size XL : L 58 x 68 cm Size XXL : L 60 x 73 cm Size XXXL : L 63 x 77 cm"""
"6,""https://shopee.co.id/-PREMIUM-CREWNECK-BASIC-SWEATER-POLOS-SOFT-BABY-BLUE-BIRU-PASTEL-M-XXXL-(UNISEX)-i.339621800.4763667056?position=11"",""67600"",""kota tangerang selatan"",""5"",""9"",""4.8"",""1"",""1"",""1"",""1"",""1"",""1"",""0"",""18000"",""[PREMIUM] CREWNECK BASIC SWEATER POLOS SOFT BABY BLUE / BIRU PASTEL M - XXXL (UNISEX)"",""DETAIL BAHAN / SPESIFIKASI PRODUK : 1. DAFTAR WARNA : BISA LIHAT GAMBAR DI ATAS ! 2. BAHAN DASAR : FLEECE 3. DETAIL JAHITAN : Full Stick ( LEHER , PINGGANG , LENGAN , PUNDAK ) 4. POLA : Dibentuk oleh orang berpengalaman yang sudah bekerja bertahun-tahun di perusahaan garment 99,99% nyaman digunakan. 5. NO BRAND ! COCOK UNTUK PARA SABLONERS / UNTUK DI JUAL KEMBALI - Bisa dipakai oleh PRIA & WANITA ( UNISEX ) - 100% PRODUK LOCAL ( BAHAN DASAR & PRODUKSI 100% DARI INDONESIA ) - Harga Terjangkau karena 100% bahan baku LANGSUNG DARI PABRIK + PRODUKSI SENDIRI !!! - Kualitas TERJAGA! - READY STOCK ( Tidak PO / Pre Order ) - GARANSI 100% ( Barang Cacat / Robek , Salah Kirim Ukuran ) Bisa ditukar apabila kesalahan dari PENJUAL & ONGKOS KIRIM kita yang tanggung FULL ! - Size Standar LOCAL ! - Size Chart : Panjang x Lebar ( dalam Cm ) M = 60 x 50 L = 65 x 55 XL = 70 x 60 XXL = 75 x 65 XXXL = 80 x 70 Lingkar Dada / LD = Lebar x 2 Toleransi Ukuran = 2-3cm CARA ORDER / HOW TO ORDER ? : - PILIH MODEL & WARNA SESUAI DENGAN YANG DIINGINKAN DI VARIASI PRODUK - BERI KETERANGAN DIKOLOM CATATAN UNTUK PENJUAL SAAT TRANSAKSI ( MODEL , WARNA , SIZE , QTY ) CONTOH : BASIC SWEATER PUTIH SIZE M , 1pcs KETENTUAN PENGIRIMAN : - MAKSIMAL ORDER JAM 18.00 WIB SENIN s/d JUMAT & SABTU JAM 15.00 WIB - LEWAT DARI BATAS WAKTU DIATAS AKAN DIKIRIM DI HARI SELANJUTNYA - MINGGU LIBUR"""
"7,""https://shopee.co.id/MAUDY-PASTEL-SWEATER-KERUT-BAWAH-POLOS-'-i.216095329.5777484038?position=12"",""36,060"",""kota bandung"",""3"",""5"",""5.0"",""6"",""1"",""1"",""0"",""0"",""0"",""0"",""18000"",""MAUDY PASTEL SWEATER KERUT BAWAH POLOS '"",""HOT INFO GIRLS ::: Di Syofi Store dengan Belanja 30 ribu aja sudah dapet FREE ONGKIR Loh. Girls, karena tim Admin akan siap koperatif u/ menerima keluhan kalian jika produk yang kalian terima cacat, salah kirim barang atau lainnya, maka kami hanya menerima review *4 dan *5, jika ada kesalahan maka kami akan refund atau mengirim balik barang dengan ongkir sesuai kesepakatan kedua belah pihak, jika 100% kesalahan ada pada kami maka ongkir 100% akan kami tanggung untuk retur dan kirim kembalinya. Jika kalian review *1 s.d *3, maka mohon maaf komplain kalian akan kami abaikan, insha Alloh kami siap kooperatif selama jam kerja senin-sabtu 09.00 - 16.00 (Hari Ahad dan hari besar Lainnyya kami libur untuk pelayanan chat ya). ðŸ“¶ Det Produk â–¶ Nama Produk : Maudy Pastel Sweater Kerut Bawah Polos â–¶ Bahan : Fleece â–¶ Ukuran : Fit To L â–¶ Warna Tersedia : Babyblue, Cream, Black, Dusty, Mint, White â–¶ Berat : 0.17 Allsize 90% Realpict dari segi bentuk model dan warna , gambar sebagai patokan / referensi karena resolusi kamera Happy Shopping! Terima Reseller , Dropshiper dan Pembelian Partai (banyak) Kepuasan pembeli merupakan suatu kebanggaan untuk kami ïŠïŠïŠ ðŸ“¶ INFO TOKO â˜‘ Order 24/7 >> OPEN 24 jam ( termasuk hari libur ) â˜‘ Chat Admin >> Senin s.d Sabtu 09.00-17.00 (fast respon) diluar jam kerja maaf slow respon ya â˜‘ Stok ready sesuai variasi ( bisa langsung di order ) â˜‘ Setelah transaksi berhasil , akan segera kami proses & kirim langsung â˜‘ Pengiriman di toko kami dalam 1 hari sebanyak 3x (pukul 12.00 siang , 17.00 sore dan 21.00 malam) ðŸ“¶ Peraturan Retur Sesuai Prosedur : â˜‘ Barang reject/rusak, bukan karena gak suka atau gak muat, size sudah disampaikan di detail produk â˜‘ Salah barang/model/warna â˜‘ Kirimkan bukti foto barang yang salah warna atau rusak via chat shopee â˜‘ Kirimkan list kertas (yang nempel dipaket yang ada nama item barang ) â˜‘ Jadi mohon untuk TIDAK DI BUANG LIST KERTASNYA â˜‘ Kami akan menerima claim dengan PERKATAAN baik dan sopan â˜‘ Batas retur 3 hari setelah paket diterima. â˜‘ Barang di retur dengan status shopee selesai / tanpa pengajuan dana â˜‘ Kami akan ganti barang atau transfer uang barang returan setelah barang sampai ðŸ“¶ Jika ada pertanyaan seandainya saya sudah checkout tiba tiba barang gak ada ,uangnya gimana ? â˜‘ Untuk uang barangnya kami selip di paket menggunakan amplop putih (UNTUK YANG TIDAK DROPSHIP) â˜‘ Untuk yang DROPSHIP kami transfer uang, setelah barang sampai dan statusnya (SELESAI), Membeli berarti MENYETUJUI syarat dan ketentuan diatas ïŠ"""
"8,""https://shopee.co.id/Sweater-Polos-Sweater-Wanita-dan-Pria-Sweater-Fleece-SIZE-M-i.321004238.11614456062?position=14"",""27500"",""kota jakarta barat"",""2"",""3"",""5.0"",""3"",""1"",""0"",""0"",""0"",""0"",""0"",""15000"",""Sweater Polos /Sweater Wanita dan Pria / Sweater Fleece SIZE M"",""SWEATER POLOS PRIA & WANITA SIZE M Bahan : Fleece cotton 100% REAL PICTURE SIZE M LD 54cm | P 60cm Warna Ready : - UNGU LILAC - PINK FANTA - PINK PASTEL"""
"9,""https://shopee.co.id/Sweater-Wanita-Maudy-Pastel-Switer-Wanita-Sweter-Wanita-Sweter-Polos-Wanita-i.368648029.9209734703?position=15"",""37000"",""kota bandung"",""3"",""15"",""5.0"",""6"",""1"",""1"",""0"",""0"",""0"",""0"",""18000"",""Sweater Wanita Maudy Pastel | Switer Wanita | Sweter Wanita | Sweter Polos Wanita"",""Bahan Fleece Tebal dan Nyaman ketika digunakan ukuran All size fit to L Tidak usah ragu belanja di toko ini kak, bahan dan kualitas dijamin baik^^ Warna produk sesuai dengan foto ya kak, jadi apa yg terlihat di pict itu yang akan kaka terima^^ Reseller dan Dropship aman^^ Silahkan cantumkan warna yang diinginkan dan warna cadangan pada saat checkout Jika warna yang dipesan tidak tersedia/kosong, maka kami akan konfirmasi terlebih dahulu^^ Happy shopping ka^^"""
"10,""https://shopee.co.id/BASIC-SWEATER-POLOS-Basic-natural-sweater-i.180874099.3322616438?position=16"",""39000"",""kota bandung"",""205"",""873"",""4.7"",""19"",""1"",""1"",""0"",""0"",""0"",""0"",""18000"",""BASIC SWEATER POLOS / Basic natural sweater"",""BARANG READY & REAL PICT 100% ~ ONE SIZE ~ BAHAN FLEECE ~ PENGIRIMAN TIAP HARI ~ CEPAT DALAM PENGIRIMAN"""
"11,""https://shopee.co.id/(SATUAN)-SWEATER-POLOS-BASIC-CEWE-COWO-i.32312083.6018656357?position=22"",""52000"",""kota cimahi"",""499"",""1800"",""4.9"",""17"",""1"",""1"",""0"",""0"",""0"",""0"",""18000"",""(SATUAN) SWEATER POLOS BASIC CEWE COWO"",""BahaN : Fleece Ukuran : Allsize fit L Untuk pemesanan hanya via shopee ya, disarankan belanja chekout sesuai warna yg sesuai yaa :) WARNA CHECKOUT SESUAI VARIASI YA KAK :) Untuk alamat harus yang lengkap ya, kalo ada patokan tulis juga yaa + No hp harus aktif wajib loh yaa :):) PENGIRIMAN BARANG Senin - sabtu : orderan masuk sebelum jam 16.00 akan dikirim kan pada hari itu juga MINGGU : OFF ( tidak ada pengiriman maupun respon chat ) Untuk resi otomatis terisi ya kak saat pihak ekspedisi sudah mempickup paketan , paketan akan di pickup oleh kurir pada malam hari yaa :)"""
"12,""https://shopee.co.id/VIERA-PASTEL-SWEATER-BASIC-SWEATER-POLOS-PRIA-DAN-WANITA-i.252709596.6274636063?position=25"",""29500"",""kab majalengka"",""115"",""2700"",""4.7"",""10"",""1"",""1"",""1"",""0"",""0"",""0"",""21000"",""VIERA PASTEL SWEATER BASIC SWEATER POLOS PRIA DAN WANITA"",""Code : VIERRA PASTEL SWEATER Color : Cream / Soft Purple / Milo / Peach / Matcha / Denim/army/dustypink/brown/mustrad/black/rosebrown DESKRIPSI UKURAN M : LEBAR DADA 50 CM X PANJANG 60 CM L : LEBAR DADA 55 CM X PANJANG 65 CM XL : LEBAR DADA 60 CM X PANJANG 70 CM XXL : LEBAR DADA 65 CM X PANJANG 75 CM XXXL : LEBAR DADA 70 CM X PANJANG 75 CM *UNTUK LINGKAR DADA = LEBAR DADA X 2 simple , terdapat beberapa pilihan warna bahan babyterry adem dan halus^^ Buat kalian yang lagi nyariii sweater gituuu... Ini tuh yaa sangat worth it banget for u buy! Karna seluruh colornyaaa tuh pastel banget warnanyaaa... And gak lupa jugaaa yaa sablonan dari text bagian depannya juga rapih hihi! Semuaa yang ada di sweater ini pokoknya benerbener yang terbaik bangeeet!!!! n bahan nya galupaaaa,bener-bener soft bangetðŸ¥º STOK TERBATAS WARANA YANG TELAH HABIS AKAN RESTOK LAGI TAPI BELUM TAU KAPAN KARENA SUSAH BAHAN UNTUK PRODUKSI Warna sesuai Foto/Video, Mohon maklum jika ada warna yang kurang sesuai di Foto / Video dikarenakan warna tergantung Efek Cahaya, tetapi setidaknya warna sudah mendekati ya^^ Cara Pembelian (Mohon Dibaca): Klik Keranjang, Pilih dan Masukkan satu persatu Variasi & Quantity produk yang anda inginkan, Lalu klik """"Check Out"""", isi alamat, lanjut opsi """"Pengiriman"""" dan terakhir opsi """"Pembayaran"""". NOTE PENTING (Mohon Dibaca): -> Untuk mengetahui ketersedian BARANG, silahkan klik kolom Variasi. Jika bisa di klik artinya READY, jika tidak bisa di klik artinya KOSONG. -> Mohon diorder sesuai varian produk yg tersedia.Karena orderan kami proses sesuai variasi yang dipilih. -> Mohon isi alamat yang lengkap (RT/RW/KODE POS), agar pesanan bisa segera sampai. -> Komplain & Menanyakan ttg produk bisa langsung hubungi kami. Terima Kasih ^^ MELAYANI PEMESANAN GROSIR LANGSUNG CHAT ADMIN #bajuperempuan #pakaianwanita #bajuwanita #bajufashion #bajucewek #jualbajumurah #grosir #fashionwanita #bajukaos #diskonbaju #termurah WELCOME RESELLER & DROPSHIPER ðŸ˜Š terima kasih"""
"13,""https://shopee.co.id/-TERMURAH-Sweater-Crewneck-Basic-Polos-Distro-Premium-Bahan-Flecee-Cotton-Tebal-Ukuran-M-XXXL-i.377373703.10904817166?position=30"",""79999"",""kab bandung"",""1"",""532"",""5.0"",""10"",""1"",""1"",""1"",""1"",""1"",""0"",""5000"",""[TERMURAH] Sweater Crewneck Basic Polos Distro Premium Bahan Flecee Cotton Tebal Ukuran M - XXXL"",""=> BACA DESKRIPSI SEBELUM PESAN <= Nama Barang : Crewneck Basic â€¢ Bahan : Flecee Cotton Tebal ( Halus Tebal , Tidak Berbulu ) â€¢ Sablon : Ruber Plastisol ( Tebal , Tidak Gampang Pecah ) â€¢ Kerapihan : Jahitan Rapih ( Kualitas Distro Super Rapih ) â€¢ Kelengkapan : - â€¢ Style : Casul ( Cocok Untuk Style Apa Aja ) â€¢ Asal Produk : Lokal ( Distro Premium ) Detail Ukuran : â€¢ Ukuran ( M ) â€¢ Ld. 52cm Panjang Badan 63cm â€¢ Ukuran ( L ) â€¢ Ld. 55cm Panjang Badan 65cm â€¢ Ukuran ( XL ) â€¢ Ld. 58cm panjang badan 68cm â€¢ Ukuran ( XXL ) â€¢ Ld. 61cm Panjang Badan 72cm â€¢ Ukuran ( XXXL ) â€¢ Ld. 65cm Panjang Badan 75cm => PENTING <= â€¢ Packing : Rapih ( sebelum di kirim di chek kembali ) â€¢ Stock : READY 99,9% â€¢ Produk : REALPICT ( karna foto langsung ) â€¢ PENILAIAN : ðŸŒŸðŸŒŸðŸŒŸðŸŒŸðŸŒŸ Jangan lupa yahðŸ˜ðŸ˜ â€¢ ðŸŒŸ 1 : Tanpa ada keterangan ( BLOCK ) â€¢ Follow Toko : Update terbaru + vocher casback koin â€¢ Chek sabtu/minggu : Flashel toko ( Harga Miring banget ) => PERHATIAN <= â€¢ Pastikan warna, ukuran dan merk sebelum memesan agar tidak terjadi kesalahan âœ“ â€¢ Retur barang kena charges 12000 + biaya ongkir ditanggung buyer âœ“ â€¢ Bila barang salah / cacad bisa di RETURN dan gausah bayar ongkir lagi bila kesalahan dari kami âœ“ â€¢ Sertakan ALAMAT lengkap, barang yang di order + size ketika melakukan pemesanan âœ“ """" WE ARE FAST RESPON^ AND ^ HAPPY SHOPPING """""""
"14,""https://shopee.co.id/Crewneck-polos-sweater-polos-sweater-basic-UNISEX(pria-Wanita)-i.68094085.5954817260?position=34"",""99500"",""kab bandung"",""87"",""139"",""4.9"",""12"",""1"",""1"",""1"",""1"",""0"",""0"",""15000"",""Crewneck polos | sweater polos | sweater basic UNISEX(pria&Wanita)"",""CREWNECK POLOS READY BERBAGAI WARNA!!! Bahan Cotton fleace Tebel Size M, L & XL, XXL UNISEX (pria & Wanita) M : Panjang 72cm x Lebar 52cm L : Panjang 75cmxLebar 55cm XL : Panjang 78cm x Lebar 58cm XXL: Panjang 81cm x Lebar 61cm"""
"15,""https://shopee.co.id/SWEATER-WANITA-SWEATER-PASTEL-WANITA-SWEATER-WANITA-POLOS-PANJANG-i.162583395.8872485344?position=39"",""59900"",""kota tangerang"",""3"",""6"",""5.0"",""8"",""1"",""1"",""1"",""0"",""0"",""0"",""18000"",""SWEATER WANITA SWEATER PASTEL WANITA SWEATER WANITA POLOS PANJANG"",""- Dengan Bahan Fleece Tebal Membuat anda hangat ketika memakainya, tanpa membuat anda gerah karena terbuat dari Katun - Desain yang sedang Populer akan sangat Pas untuk anda kenakan ketika Hangout ataupun untuk dipakai sehari-hari - Desain Kekinian sehingga cocok anda padukan dengan kaos, kemeja, ataupun Poloshirt kesayangan anda Bahan : Fleece Tebal Panjang tangan : 60 cm Panjang Badan : 75 cm Lingkar Dada : 115 cm All size Fit To XL ( 1 ukuran)"""
